{
  "draft": [
    1, 2, 3, 4, 5, 6, 7, 8, 9, 10, 11, 12, 13, 14, 15, 16, 17, 18, 19, 20, 21,
    22, 23, 24, 25, 26, 27, 28, 29, 30, 31, 32, 33, 34, 35, 36, 37, 38, 39, 40,
    41, 42, 43, 44, 45, 46, 47, 48, 49, 50, 51, 52, 53, 54, 55, 56, 57, 58, 59,
    60, 61, 62, 63, 64, 65, 66, 67, 68, 69, 70, 71, 72, 73, 74, 75, 76, 77, 78,
    79, 80, 81, 82, 83, 84, 85, 86, 87, 88, 89, 90, 91, 92, 93, 94, 95, 96, 97,
    98, 99, 100, 101, 102, 103, 104, 105, 106, 107, 108, 109, 110, 111, 112,
    113, 114, 115, 116, 117, 118, 119, 120, 121, 122, 123, 124, 125, 126, 127,
    128, 129, 130, 131, 132, 133, 134, 135, 136, 137, 138, 139, 140, 141, 142,
    143, 144, 145, 146, 147, 148, 149, 150, 151, 152, 153, 154, 155, 156, 157,
    158, 159, 160, 161, 162, 163, 164, 165, 166, 167, 168, 169, 170, 171, 172,
    173, 174, 175, 176, 177, 178, 179, 180, 181, 182, 183, 184, 185, 186, 187,
    188, 189, 190, 191, 192, 193, 194, 195, 196, 197, 198, 199, 200, 201, 202,
    203, 204, 205, 206, 207, 208, 209, 210, 211, 212, 213, 214, 215, 216, 217,
    218, 219, 220, 221, 222, 223, 224, 225, 226, 227, 228, 229, 230, 231, 232,
    233, 234, 235, 236, 237, 238, 239, 240, 241, 242, 243, 244, 245, 246, 247,
    248, 249, 250, 251, 252, 253, 254, 255, 256, 257, 258, 259, 260, 261, 262,
    263, 264, 265, 266, 267, 268, 269, 270, 271, 272, 273, 274, 275, 276, 277,
    278, 279, 280, 281, 282, 283, 284, 285, 286, 287, 288, 289, 290, 291, 292,
    293, 294, 295, 296, 297, 298, 299, 300, 301, 302, 303, 304, 305, 306, 307,
    308, 309, 310, 311, 312, 313, 314, 315, 316, 317, 318, 319, 320, 321, 322,
    323, 324, 325, 326, 327, 328, 329, 330, 331, 332, 333, 334, 335, 336, 337,
    338, 339, 340, 341, 342, 343, 344, 345, 346, 347, 348, 349, 350, 351, 352
  ],
  "win_percentage": [
    0.6097560975609756, 0.5952380952380952, 0.5813953488372093,
    0.5909090909090909, 0.6, 0.6086956521739131, 0.6170212765957447, 0.625,
    0.6122448979591837, 0.62, 0.6274509803921569, 0.6153846153846154,
    0.6226415094339622, 0.6296296296296297, 0.6181818181818182, 0.625,
    0.631578947368421, 0.6206896551724138, 0.6271186440677966,
    0.6333333333333333, 0.6229508196721312, 0.6129032258064516,
    0.6031746031746031, 0.609375, 0.6153846153846154, 0.6212121212121212,
    0.6119402985074627, 0.6029411764705882, 0.5942028985507246, 0.6,
    0.5915492957746479, 0.5833333333333334, 0.589041095890411,
    0.5945945945945946, 0.5866666666666667, 0.5921052631578947,
    0.5844155844155844, 0.5769230769230769, 0.5822784810126582, 0.575,
    0.5802469135802469, 0.5853658536585366, 0.5903614457831325,
    0.5833333333333334, 0.5882352941176471, 0.5813953488372093,
    0.5862068965517241, 0.5795454545454546, 0.5842696629213483,
    0.5888888888888889, 0.5824175824175825, 0.5869565217391305,
    0.5913978494623656, 0.5957446808510638, 0.6, 0.6041666666666666,
    0.6082474226804123, 0.6122448979591837, 0.6060606060606061, 0.61,
    0.6039603960396039, 0.6078431372549019, 0.6019417475728155,
    0.5961538461538461, 0.6, 0.6037735849056604, 0.5981308411214953,
    0.6018518518518519, 0.6055045871559633, 0.6090909090909091,
    0.6126126126126126, 0.6160714285714286, 0.6194690265486725,
    0.6228070175438597, 0.6173913043478261, 0.6120689655172413,
    0.6153846153846154, 0.6101694915254238, 0.6134453781512605,
    0.6166666666666667, 0.6115702479338843, 0.6147540983606558,
    0.6097560975609756, 0.6129032258064516, 0.608, 0.6111111111111112,
    0.6141732283464567, 0.6171875, 0.6201550387596899, 0.6230769230769231,
    0.6259541984732825, 0.6212121212121212, 0.6240601503759399,
    0.6194029850746269, 0.6148148148148148, 0.6176470588235294,
    0.6204379562043796, 0.6231884057971014, 0.6187050359712231,
    0.6142857142857143, 0.6099290780141844, 0.6126760563380281,
    0.6083916083916084, 0.6111111111111112, 0.6137931034482759,
    0.6095890410958904, 0.6054421768707483, 0.6013513513513513,
    0.6040268456375839, 0.6066666666666667, 0.6026490066225165,
    0.5986842105263158, 0.6013071895424836, 0.6038961038961039, 0.6,
    0.6025641025641025, 0.6050955414012739, 0.6075949367088608,
    0.6037735849056604, 0.60625, 0.6024844720496895, 0.5987654320987654,
    0.6012269938650306, 0.5975609756097561, 0.6, 0.6024096385542169,
    0.6047904191616766, 0.6011904761904762, 0.5976331360946746, 0.6,
    0.6023391812865497, 0.6046511627906976, 0.6011560693641619,
    0.5977011494252874, 0.6, 0.5965909090909091, 0.5988700564971752,
    0.5955056179775281, 0.5977653631284916, 0.5944444444444444,
    0.5911602209944752, 0.5934065934065934, 0.5901639344262295,
    0.592391304347826, 0.5945945945945946, 0.5967741935483871,
    0.5989304812834224, 0.601063829787234, 0.6031746031746031, 0.6,
    0.6020942408376964, 0.5989583333333334, 0.5958549222797928,
    0.5979381443298969, 0.5948717948717949, 0.5969387755102041,
    0.5989847715736041, 0.601010101010101, 0.6030150753768844, 0.605,
    0.6019900497512438, 0.6039603960396039, 0.6059113300492611,
    0.6078431372549019, 0.6097560975609756, 0.6067961165048543,
    0.6086956521739131, 0.6105769230769231, 0.6076555023923444,
    0.6095238095238096, 0.6113744075829384, 0.6084905660377359,
    0.6103286384976526, 0.6074766355140186, 0.6093023255813953,
    0.6111111111111112, 0.6129032258064516, 0.6146788990825688,
    0.6118721461187214, 0.6136363636363636, 0.6153846153846154,
    0.6171171171171171, 0.6188340807174888, 0.6160714285714286,
    0.6133333333333333, 0.6150442477876106, 0.6123348017621145,
    0.6140350877192983, 0.611353711790393, 0.6086956521739131,
    0.6103896103896104, 0.6120689655172413, 0.6137339055793991,
    0.6153846153846154, 0.6170212765957447, 0.6186440677966102,
    0.620253164556962, 0.6176470588235294, 0.6192468619246861,
    0.6208333333333333, 0.6182572614107884, 0.6198347107438017,
    0.6213991769547325, 0.6229508196721312, 0.6244897959183674,
    0.6219512195121951, 0.6234817813765182, 0.625, 0.6265060240963856, 0.624,
    0.6254980079681275, 0.626984126984127, 0.6284584980237155,
    0.6259842519685039, 0.6235294117647059, 0.62109375, 0.6186770428015564,
    0.6201550387596899, 0.6216216216216216, 0.6192307692307693,
    0.6206896551724138, 0.6183206106870229, 0.6197718631178707,
    0.6174242424242424, 0.6188679245283019, 0.6165413533834586,
    0.6179775280898876, 0.6194029850746269, 0.620817843866171,
    0.6222222222222222, 0.6236162361623616, 0.625, 0.6227106227106227,
    0.6204379562043796, 0.6218181818181818, 0.6231884057971014,
    0.6209386281588448, 0.6187050359712231, 0.6200716845878136,
    0.6178571428571429, 0.6156583629893239, 0.6134751773049646,
    0.6148409893992933, 0.6161971830985915, 0.6140350877192983,
    0.6118881118881119, 0.6132404181184669, 0.6111111111111112,
    0.6089965397923875, 0.6103448275862069, 0.6082474226804123,
    0.6095890410958904, 0.6109215017064846, 0.6122448979591837,
    0.6135593220338983, 0.6114864864864865, 0.6094276094276094,
    0.6073825503355704, 0.6086956521739131, 0.61, 0.6112956810631229,
    0.6125827814569537, 0.6105610561056105, 0.6118421052631579,
    0.6131147540983607, 0.6143790849673203, 0.6156351791530945,
    0.6168831168831169, 0.6181229773462783, 0.6161290322580645,
    0.617363344051447, 0.6185897435897436, 0.6198083067092651,
    0.6210191082802548, 0.6222222222222222, 0.6234177215189873,
    0.6246056782334385, 0.6257861635220126, 0.6238244514106583, 0.625,
    0.6230529595015576, 0.6242236024844721, 0.6222910216718266,
    0.6234567901234568, 0.6246153846153846, 0.6257668711656442,
    0.6269113149847095, 0.6280487804878049, 0.6291793313069909,
    0.6303030303030303, 0.6314199395770392, 0.6325301204819277,
    0.6306306306306306, 0.6317365269461078, 0.6328358208955224,
    0.6339285714285714, 0.6320474777448071, 0.6331360946745562,
    0.6342182890855457, 0.6323529411764706, 0.6304985337243402,
    0.6286549707602339, 0.6268221574344023, 0.627906976744186,
    0.6289855072463768, 0.630057803468208, 0.6282420749279539,
